{
    "loss": 0.22094477713108063,
    "accuracy": 0.9251337051391602,
    "precision": 0.9251337051391602,
    "recall": 0.9251337051391602
}